id;nom;prenom;specialite;email;description;certifie;password;password_hash;keycloak_id
1;avaler épouser coac coac;malade maintenant tsoin-tsoin;étrangler alors;Venance_Meunier1@hotmail.fr;pff d'avec disparaître;false;en dedans de sédentaire dès que;de manière à;à cause de quasiment
2;aux environs de ranimer adepte;glouglou alors que;casser d’autant que;Gregoire59@yahoo.fr;incalculable là commissionnaire;false;entendre;quoique;combiner quand diplomate
3;entre-temps plus euh;tchou tchouu;peu;Herve64@hotmail.fr;sous clientèle;false;pourvu que tellement de sorte que;présidence;administration augmenter
4;auprès de aux environs de sur;toc;jouir juriste;Benedicte19@gmail.com;gens collègue;true;glouglou;interpréter cuicui;concurrence mélancolique copier
5;reporter cependant;du fait que aussitôt que auprès de;badaboum autrefois;Lietald_Barbier95@hotmail.fr;par suite de;true;vu que;coucher fidèle;entraîner extra
6;entièrement tant plaindre;subito électorat;cot cot en guise de;Elia_Martinez64@gmail.com;rédaction à peine;false;maintenir ouch aussitôt que;totalement meuh;au prix de
7;formuler;dans la mesure où ah;clocher au-devant inspirer;Daphne_Charles@hotmail.fr;hôte entre d'avec;false;fort soudain direction;porte-parole;aussitôt que population du Québec
8;avancer sursauter en dehors de;hormis délectable;de peur que penser lorsque;Francisque_Gerard@yahoo.fr;dans la mesure où;true;plic que horrible;quant à hier;quitte à toutefois
9;remarquer;au-dessous;intrépide parlementaire cocorico;Alexandrine.Fontaine70@gmail.com;smack;false;prout coller;plic en dépit de très;de sorte que
10;au-dessous de miaou;commissionnaire mince espiègle;opérer;Benedicte91@yahoo.fr;tenter patientèle;false;mal en dépit de;préciser à travers;aux environs de sans
