id;nom;prenom;date_naissance;telephone;adresse;email;serie;niveau_etude;lycee;ville;password;password_hash;keycloak_id
1;davantage;grandement autrement;2025-10-13;+33 417099094;longtemps gens;Brigitte.Leroux85@yahoo.fr;tromper;gestionnaire au moyen de;souhaiter de crainte que de façon que;direction;plouf malade pendant;pis;altruiste tchou tchouu
2;vouh délectable;chier terriblement;2025-10-14;+33 395093526;gestionnaire à cause de;Jeremie_Garnier47@hotmail.fr;hier frayer;demander;renaître pauvre;comme après dès;clac ouch;autour de antagoniste aux alentours de;glouglou refuser atchoum
3;trop;à seule fin de;2025-10-14;0705868275;présidence commis tic-tac;Charlemagne_Paul@yahoo.fr;assez;nager fourbe;adepte ailleurs;à cause de collègue secouriste;électorat;à défaut de  jusqu’à ce que coac coac;solitaire
4;même avare conseil d’administration;quand ? au dépens de pin-pon;2025-10-13;0197010521;aussitôt que;Assomption.Menard@yahoo.fr;jusqu’à ce que avex quant à;cadre en faveur de lorsque;à bas de;à peu près de sorte que vu que;triompher;alors que triathlète;à bas de
5;d’autant que;loin de commissionnaire bien que;2025-10-13;0354424353;certainement aventurer aux alentours de;Alize.Nguyen45@gmail.com;placer rectangulaire finir;hors beaucoup;prestataire de services sitôt que;prout;conseil d’administration conseil municipal lâche;sauvage;près a
6;respirer ouah commis de cuisine;snif hors;2025-10-14;0501744731;plouf;Marine.Mercier53@yahoo.fr;bien que;meuh proche de échanger;divinement de par;outre membre à vie;maintenant;capter;abuser en decà de même si
7;toc;gestionnaire dring baiser;2025-10-14;+33 510409755;entre;Pelagie.Nicolas38@yahoo.fr;meuh entièrement chef de cuisine;nonobstant au-dessous de;tellement comme que;personnel;exprès même si;envers insolite commettre;téméraire
8;concilier tranquille;rectorat;2025-10-14;0795900722;tsoin-tsoin jouer d’autant que;Morgan87@hotmail.fr;lors de;fourbe au lieu de;séculaire;tant que loin de drôlement;regagner hé cacher;au cas où;dorénavant par suite de
9;éclairer pour que;depuis a;2025-10-14;+33 575638823;appeler;Christodule.Breton@gmail.com;mieux;snif;bien que;au-dessus de;dès tic-tac coûter;défiler impromptu dring;adepte plic
10;police d’autant que foule;à la faveur de;2025-10-13;0334589938;vu que vaste;Dieudonnee_Henry@hotmail.fr;sans que;flatter accroître plutôt;euh commis;impromptu liquider comme;conseil municipal devant;ha alors que;glouglou pour à peu près
