id;nom;prenom;date_naissance;telephone;adresse;email;type_bac;annee_bac;niveau_detudes;universite_souhaitee;specialite_souhaitee;password;password_hash;keycloak_id
1;électorat auprès de vu que;rectorat;2025-10-14;0399763449;tic-tac peu chef de cuisine;Emmanuel_Poirier43@yahoo.fr;disposer;20342;du côté de simple;élaborer au lieu de;envers reprocher si;comment;après ronfler à cause de;peut-être
2;direction coac coac derrière;neutre;2025-10-14;0744665455;malade ha ha soudain;Aurelienne.Fernandez4@hotmail.fr;débile pousser;31834;dès que à l'exception de conseil d’administration;parfois;atchoum;moyennant;afin que dans la mesure où cuicui;à force de depuis certes
3;splendide trop;sentir outre;2025-10-14;0563062028;bè;Lea_Lopez17@yahoo.fr;trop broum d’autant que;10161;avant que;insipide hormis dès que;commis de cuisine mairie en outre de;sincère secouriste pourpre;pauvre bon d’autant que;contribuer
4;pendant que bien de crainte que;proche de communiquer;2025-10-14;0466327167;insipide;Soline.Riviere46@gmail.com;immense ah;14304;miam flatter;bien que soudain;collègue ouch clientèle;perfectionner;au-dehors tant que subsister;candide divinement sans
5;en étant donné que;avancer;2025-10-13;+33 181177879;du côté de;Jeannel.Guyot@hotmail.fr;rose sous couleur de;5005;cyan bien diplomate;du moment que;adhérer protéger;raide cyan;horrible groin groin;à cause de
6;mal jeune spécialiste;orange;2025-10-14;+33 218881520;inspirer;Elzear_Blanchard@hotmail.fr;initier;31897;ouah derechef sauvage;à partir de;assez;gens redevenir;toc-toc adorable;parlementaire zzzz moyennant
7;rectorat;sans;2025-10-13;+33 735871390;snif jamais;Mauricette.Poirier88@gmail.com;pas mal membre de l’équipe hôte;873;hôte guère;cadre reculer;enfoncer de peur que;coin-coin précisément vlan;déchiffrer limiter;aussitôt que
8;dans coac coac;auprès de à l'encontre de;2025-10-14;+33 399791572;toutefois ici;Michel24@yahoo.fr;hé svelte apaiser;24634;âcre buter si;vide;sombre;ronron;trop peu alors que crac;triste personnel professionnel miaou
9;toc;vu que accepter blablabla;2025-10-14;0142567719;céans pin-pon derrière;Armand_Brunet@hotmail.fr;magnifique au-devant à peine;31516;lectorat féliciter;commis de cuisine accéder;de crainte que après au défaut de;nonobstant;au défaut de;après pendant que
10;lunatique chef aspirer;ah magnifique assez;2025-10-14;+33 136774903;au-delà;Berthe_Meyer@yahoo.fr;apparemment sitôt que;18486;soit;à l'instar de grrr lorsque;altruiste;puisque opposer bof;outre pacifique pin-pon;de façon que conformer
