id;content;author_id;author_type;created_at
1;../fake-data/blob/hipster.txt;18975;ELEVE;2026-01-20T17:08:17
2;../fake-data/blob/hipster.txt;22033;ELEVE;2026-01-20T04:42:11
3;../fake-data/blob/hipster.txt;18562;ELEVE;2026-01-19T21:47:08
4;../fake-data/blob/hipster.txt;13102;CONSEILLER;2026-01-20T05:36:26
5;../fake-data/blob/hipster.txt;20165;ELEVE;2026-01-19T23:08:59
6;../fake-data/blob/hipster.txt;31686;ELEVE;2026-01-20T10:51:15
7;../fake-data/blob/hipster.txt;6889;CONSEILLER;2026-01-20T16:05:01
8;../fake-data/blob/hipster.txt;16624;CONSEILLER;2026-01-19T21:39:28
9;../fake-data/blob/hipster.txt;19809;CONSEILLER;2026-01-20T01:37:50
10;../fake-data/blob/hipster.txt;3413;CONSEILLER;2026-01-20T11:04:03
